budget,problem,algorithm,median_error,rank
250,sinc_well_2d,GA,0.076567190964699,1
250,sinc_well_2d,CDA (tuned),0.1620565791474231,2
250,sinc_well_2d,CDA,0.23421410761437933,3
250,sinc_well_2d,PSO,0.2989200358503652,4
250,sinc_well_2d,Random,0.439898466618855,5
250,sinc_well_2d,DE,0.5134813770836235,6
250,ripple_cone_2d,GA,0.109463398282933,1
250,ripple_cone_2d,PSO,0.11221043751662668,2
250,ripple_cone_2d,CDA (tuned),0.16904482445636423,3
250,ripple_cone_2d,CDA,0.18458139771664295,4
250,ripple_cone_2d,DE,0.265761578732187,5
250,ripple_cone_2d,Random,0.282823647153423,6
250,sphere_10d,PSO,8.704324482245,1
250,sphere_10d,GA,9.758965210567153,2
250,sphere_10d,CDA,16.57118565147227,3
250,sphere_10d,CDA (tuned),21.125491676352766,4
250,sphere_10d,DE,23.240363050424033,5
250,sphere_10d,Random,27.045788053091393,6
250,rastrigin_10d,GA,76.19029234195989,1
250,rastrigin_10d,CDA,82.39816112572092,2
250,rastrigin_10d,CDA (tuned),82.6623048197051,3
250,rastrigin_10d,PSO,84.92703582375643,4
250,rastrigin_10d,Random,98.33982683515563,5
250,rastrigin_10d,DE,102.68224404723816,6
250,ackley_10d,PSO,15.73709618051625,1
250,ackley_10d,GA,16.226584283646602,2
250,ackley_10d,CDA,17.428841702881467,3
250,ackley_10d,CDA (tuned),18.048973930484074,4
250,ackley_10d,DE,18.739727923778553,5
250,ackley_10d,Random,19.168663591541822,6
250,rosenbrock_10d,GA,171.17290442010022,1
250,rosenbrock_10d,PSO,175.04759376470327,2
250,rosenbrock_10d,CDA,411.82547468474536,3
250,rosenbrock_10d,CDA (tuned),479.1800424511087,4
250,rosenbrock_10d,DE,494.6137436624402,5
250,rosenbrock_10d,Random,545.9303929611563,6
250,griewank_10d,PSO,30.88404800366923,1
250,griewank_10d,GA,34.504503824519304,2
250,griewank_10d,CDA,57.89244589696115,3
250,griewank_10d,CDA (tuned),73.51132186506598,4
250,griewank_10d,DE,80.79113508724885,5
250,griewank_10d,Random,93.84943022091369,6
250,levy_10d,GA,11.941244153279815,1
250,levy_10d,PSO,12.065333814847293,2
250,levy_10d,CDA,18.10280357998038,3
250,levy_10d,CDA (tuned),19.914482823063782,4
250,levy_10d,Random,23.29464654911736,5
250,levy_10d,DE,23.389779006793695,6
500,sinc_well_2d,GA,0.0046767009804593584,1
500,sinc_well_2d,CDA,0.024368435948714406,2
500,sinc_well_2d,PSO,0.044267553366960755,3
500,sinc_well_2d,CDA (tuned),0.05296655288123908,4
500,sinc_well_2d,DE,0.06083408326253803,5
500,sinc_well_2d,Random,0.28989809106525577,6
500,ripple_cone_2d,GA,0.03700470364883396,1
500,ripple_cone_2d,PSO,0.061245185498354116,2
500,ripple_cone_2d,DE,0.09356975468775047,3
500,ripple_cone_2d,CDA (tuned),0.10043613845898924,4
500,ripple_cone_2d,CDA,0.1223310252290552,5
500,ripple_cone_2d,Random,0.23496271936796576,6
500,sphere_10d,GA,2.426661954077238,1
500,sphere_10d,PSO,4.270666665469911,2
500,sphere_10d,DE,13.653670712032412,3
500,sphere_10d,CDA,15.572897821236097,4
500,sphere_10d,CDA (tuned),18.670273817952307,5
500,sphere_10d,Random,24.81635395386251,6
500,rastrigin_10d,GA,56.576329725518704,1
500,rastrigin_10d,CDA,67.51740005419047,2
500,rastrigin_10d,CDA (tuned),73.03619397010608,3
500,rastrigin_10d,PSO,77.89442149153454,4
500,rastrigin_10d,DE,83.18283947574483,5
500,rastrigin_10d,Random,92.0776361301137,6
500,ackley_10d,GA,11.008176021853233,1
500,ackley_10d,PSO,13.276220592971615,2
500,ackley_10d,CDA,16.378850669441903,3
500,ackley_10d,CDA (tuned),16.899069542533688,4
500,ackley_10d,DE,17.41372218254262,5
500,ackley_10d,Random,18.850820154497185,6
500,rosenbrock_10d,GA,56.604578304450555,1
500,rosenbrock_10d,PSO,68.72239847377529,2
500,rosenbrock_10d,DE,247.5169461789751,3
500,rosenbrock_10d,CDA,357.3478469525075,4
500,rosenbrock_10d,CDA (tuned),384.61998780859165,5
500,rosenbrock_10d,Random,496.7757883975718,6
500,griewank_10d,GA,9.241657643352443,1
500,griewank_10d,PSO,15.701250888973686,2
500,griewank_10d,DE,47.8754046160124,3
500,griewank_10d,CDA,52.9973693214775,4
500,griewank_10d,CDA (tuned),67.08939397144826,5
500,griewank_10d,Random,86.19524944945792,6
500,levy_10d,GA,3.145836376504782,1
500,levy_10d,PSO,5.765457515950235,2
500,levy_10d,DE,13.342302177260205,3
500,levy_10d,CDA,14.58791221606178,4
500,levy_10d,CDA (tuned),15.799497744569745,5
500,levy_10d,Random,21.372228737615835,6
1000,sinc_well_2d,GA,3.0975795148435736e-05,1
1000,sinc_well_2d,DE,0.00457204131083877,2
1000,sinc_well_2d,PSO,0.006237155572941688,3
1000,sinc_well_2d,CDA,0.007827211612079665,4
1000,sinc_well_2d,CDA (tuned),0.024897195307435283,5
1000,sinc_well_2d,Random,0.1627105011478971,6
1000,ripple_cone_2d,GA,0.006182131130069629,1
1000,ripple_cone_2d,PSO,0.022297342302053436,2
1000,ripple_cone_2d,DE,0.027492497403587723,3
1000,ripple_cone_2d,CDA,0.036124088201828275,4
1000,ripple_cone_2d,CDA (tuned),0.0657264956113505,5
1000,ripple_cone_2d,Random,0.12715441756719786,6
1000,sphere_10d,GA,0.22550899971870056,1
1000,sphere_10d,PSO,0.9423049812097005,2
1000,sphere_10d,DE,4.408425961268836,3
1000,sphere_10d,CDA,14.85326442453199,4
1000,sphere_10d,CDA (tuned),15.981790460480688,5
1000,sphere_10d,Random,21.747438745397474,6
1000,rastrigin_10d,GA,23.16477232668837,1
1000,rastrigin_10d,CDA,45.787311946611844,2
1000,rastrigin_10d,PSO,52.211082786598325,3
1000,rastrigin_10d,CDA (tuned),60.86652829137541,4
1000,rastrigin_10d,DE,70.99554341989673,5
1000,rastrigin_10d,Random,89.2081015416587,6
1000,ackley_10d,GA,5.459297620857511,1
1000,ackley_10d,PSO,7.9565221662177334,2
1000,ackley_10d,DE,14.104563953241119,3
1000,ackley_10d,CDA,14.443423636830804,4
1000,ackley_10d,CDA (tuned),15.352175755544431,5
1000,ackley_10d,Random,18.572469032305058,6
1000,rosenbrock_10d,GA,19.15146092238389,1
1000,rosenbrock_10d,PSO,22.559257972229243,2
1000,rosenbrock_10d,DE,96.81487492815404,3
1000,rosenbrock_10d,Random,325.20651111309974,4
1000,rosenbrock_10d,CDA,327.45087081013025,5
1000,rosenbrock_10d,CDA (tuned),339.24383873791464,6
1000,griewank_10d,GA,1.7827388564859274,1
1000,griewank_10d,PSO,4.23154045983118,2
1000,griewank_10d,DE,16.45846606327595,3
1000,griewank_10d,CDA,48.662591815238876,4
1000,griewank_10d,CDA (tuned),55.16968105662656,5
1000,griewank_10d,Random,75.64020496311497,6
1000,levy_10d,GA,0.5656443643971267,1
1000,levy_10d,PSO,1.8236785851293935,2
1000,levy_10d,DE,6.750729019194258,3
1000,levy_10d,CDA,12.534254494014853,4
1000,levy_10d,CDA (tuned),13.230870157745493,5
1000,levy_10d,Random,18.560250385205713,6
2000,sinc_well_2d,GA,1.1202843097635196e-09,1
2000,sinc_well_2d,DE,2.6622983263280275e-05,2
2000,sinc_well_2d,PSO,0.00044456455218089275,3
2000,sinc_well_2d,CDA,0.0023617380814062727,4
2000,sinc_well_2d,CDA (tuned),0.01629791753798493,5
2000,sinc_well_2d,Random,0.12610521700642607,6
2000,ripple_cone_2d,GA,6.360512780356764e-08,1
2000,ripple_cone_2d,DE,0.0005574835467257178,2
2000,ripple_cone_2d,PSO,0.0011722467351252264,3
2000,ripple_cone_2d,CDA,0.005130853832336135,4
2000,ripple_cone_2d,CDA (tuned),0.037260914960850045,5
2000,ripple_cone_2d,Random,0.08997793313036118,6
2000,sphere_10d,GA,0.010867646489552935,1
2000,sphere_10d,PSO,0.07191403537742973,2
2000,sphere_10d,DE,0.7053197456059539,3
2000,sphere_10d,CDA (tuned),11.493930940679512,4
2000,sphere_10d,CDA,14.482810152415631,5
2000,sphere_10d,Random,17.115889078136323,6
2000,rastrigin_10d,GA,11.817093414465582,1
2000,rastrigin_10d,PSO,34.244111545882,2
2000,rastrigin_10d,CDA,41.51309199452092,3
2000,rastrigin_10d,CDA (tuned),46.75560302633192,4
2000,rastrigin_10d,DE,57.47337759645147,5
2000,rastrigin_10d,Random,80.93138873138835,6
2000,ackley_10d,GA,1.9331810654544932,1
2000,ackley_10d,PSO,3.6276340300807353,2
2000,ackley_10d,DE,7.927234765998911,3
2000,ackley_10d,CDA (tuned),12.705495069005323,4
2000,ackley_10d,CDA,14.443423636830804,5
2000,ackley_10d,Random,18.135402172003275,6
2000,rosenbrock_10d,PSO,9.52662306688488,1
2000,rosenbrock_10d,GA,9.680969206373863,2
2000,rosenbrock_10d,DE,26.15089530318588,3
2000,rosenbrock_10d,CDA (tuned),184.76279631040944,4
2000,rosenbrock_10d,Random,284.009176859725,5
2000,rosenbrock_10d,CDA,291.0336302539945,6
2000,griewank_10d,GA,0.7562325133065726,1
2000,griewank_10d,PSO,1.16763346746378,2
2000,griewank_10d,DE,3.1035293737604785,3
2000,griewank_10d,CDA (tuned),38.9462905198385,4
2000,griewank_10d,CDA,46.83410232723175,5
2000,griewank_10d,Random,59.76617591896822,6
2000,levy_10d,GA,0.021882464453490815,1
2000,levy_10d,PSO,0.2390530753917203,2
2000,levy_10d,DE,1.7770968331788044,3
2000,levy_10d,CDA (tuned),8.70486598788997,4
2000,levy_10d,CDA,11.80353780590805,5
2000,levy_10d,Random,15.213226057356774,6
5000,sinc_well_2d,GA,0.0,1
5000,sinc_well_2d,DE,7.835510018594505e-12,2
5000,sinc_well_2d,PSO,4.1637573566788433e-07,3
5000,sinc_well_2d,CDA,0.00014946749057287434,4
5000,sinc_well_2d,CDA (tuned),0.005269910547779588,5
5000,sinc_well_2d,Random,0.054429205869269026,6
5000,ripple_cone_2d,GA,0.0,1
5000,ripple_cone_2d,DE,1.1876333250171456e-12,2
5000,ripple_cone_2d,PSO,3.3580854924553094e-07,3
5000,ripple_cone_2d,CDA,0.002892896288920782,4
5000,ripple_cone_2d,CDA (tuned),0.01610382001343838,5
5000,ripple_cone_2d,Random,0.07291252552162258,6
5000,sphere_10d,PSO,3.5750237639557556e-05,1
5000,sphere_10d,GA,0.0004457062932221533,2
5000,sphere_10d,DE,0.0012784418227070602,3
5000,sphere_10d,CDA (tuned),3.935895827719445,4
5000,sphere_10d,CDA,7.013068227658493,5
5000,sphere_10d,Random,15.224852169589923,6
5000,rastrigin_10d,GA,4.226712250730031,1
5000,rastrigin_10d,PSO,12.133428285983499,2
5000,rastrigin_10d,CDA (tuned),27.828663270475218,3
5000,rastrigin_10d,DE,41.05927868172641,4
5000,rastrigin_10d,CDA,41.51309199452092,5
5000,rastrigin_10d,Random,76.8069099325402,6
5000,ackley_10d,PSO,0.059881500074438154,1
5000,ackley_10d,GA,0.14893479295667378,2
5000,ackley_10d,DE,1.0371278180895644,3
5000,ackley_10d,CDA (tuned),8.630293417724362,4
5000,ackley_10d,CDA,14.443423636830804,5
5000,ackley_10d,Random,17.510727339502775,6
5000,rosenbrock_10d,PSO,6.596704420057433,1
5000,rosenbrock_10d,DE,7.090620152461531,2
5000,rosenbrock_10d,GA,8.208310214851213,3
5000,rosenbrock_10d,CDA (tuned),60.18023909239348,4
5000,rosenbrock_10d,CDA,153.5810762452037,5
5000,rosenbrock_10d,Random,232.49131212725203,6
5000,griewank_10d,GA,0.18455241737239214,1
5000,griewank_10d,PSO,0.36135458096186585,2
5000,griewank_10d,DE,0.7544850477690634,3
5000,griewank_10d,CDA (tuned),13.832127894389753,4
5000,griewank_10d,CDA,19.674948589168288,5
5000,griewank_10d,Random,53.26985938485288,6
5000,levy_10d,PSO,0.00023637479790147864,1
5000,levy_10d,GA,0.0007132707475669092,2
5000,levy_10d,DE,0.019590032481763157,3
5000,levy_10d,CDA (tuned),5.096692502702485,4
5000,levy_10d,CDA,7.761752119768694,5
5000,levy_10d,Random,13.406931093818548,6
10000,sinc_well_2d,GA,0.0,1
10000,sinc_well_2d,DE,0.0,2
10000,sinc_well_2d,PSO,4.998668146072305e-12,3
10000,sinc_well_2d,CDA,0.00014946749057287434,4
10000,sinc_well_2d,CDA (tuned),0.002769695236255032,5
10000,sinc_well_2d,Random,0.027743352780136732,6
10000,ripple_cone_2d,GA,0.0,1
10000,ripple_cone_2d,DE,0.0,2
10000,ripple_cone_2d,PSO,1.4707679518721761e-12,3
10000,ripple_cone_2d,CDA,0.002892896288920782,4
10000,ripple_cone_2d,CDA (tuned),0.00645491448847163,5
10000,ripple_cone_2d,Random,0.04704565441975567,6
10000,sphere_10d,PSO,2.0218280621887553e-10,1
10000,sphere_10d,DE,7.851238359003317e-08,2
10000,sphere_10d,GA,6.733244440146314e-05,3
10000,sphere_10d,CDA,0.2612017452477005,4
10000,sphere_10d,CDA (tuned),0.5731130116937935,5
10000,sphere_10d,Random,13.137766029612761,6
10000,rastrigin_10d,GA,0.732634859685426,1
10000,rastrigin_10d,PSO,5.975294793553431,2
10000,rastrigin_10d,CDA (tuned),24.036116982852192,3
10000,rastrigin_10d,DE,33.755292771007156,4
10000,rastrigin_10d,CDA,41.51309199452092,5
10000,rastrigin_10d,Random,72.15565005689999,6
10000,ackley_10d,PSO,0.0001085272121401637,1
10000,ackley_10d,DE,0.003017355856736348,2
10000,ackley_10d,GA,0.03369784717713786,3
10000,ackley_10d,CDA (tuned),4.65873445760916,4
10000,ackley_10d,CDA,14.443423636830804,5
10000,ackley_10d,Random,17.116848658037558,6
10000,rosenbrock_10d,PSO,4.961691154311207,1
10000,rosenbrock_10d,DE,5.30772152790245,2
10000,rosenbrock_10d,GA,7.914183782369742,3
10000,rosenbrock_10d,CDA (tuned),17.086711760812463,4
10000,rosenbrock_10d,CDA,29.97195251028576,5
10000,rosenbrock_10d,Random,188.3693375014722,6
10000,griewank_10d,PSO,0.07696277027760029,1
10000,griewank_10d,GA,0.12605816733409453,2
10000,griewank_10d,DE,0.5030233812823479,3
10000,griewank_10d,CDA,2.6252968605744695,4
10000,griewank_10d,CDA (tuned),3.192675310121916,5
10000,griewank_10d,Random,46.10173690909802,6
10000,levy_10d,PSO,1.1469978951984984e-09,1
10000,levy_10d,DE,7.073335817049276e-07,2
10000,levy_10d,GA,0.00030131939689593016,3
10000,levy_10d,CDA (tuned),2.2639654838759125,4
10000,levy_10d,CDA,3.8618348541806813,5
10000,levy_10d,Random,10.941024967891684,6
