problem,reference,other,median_reference,median_other,u_statistic,p_value,verdict
ackley_10d,CDA (paper),CDA (budgeted),14.443423636830804,1.173796895549581,900.0,3.019859359162157e-11,CDA (budgeted) better
ackley_10d,CDA (paper),DE,14.443423636830804,4.213962512267244e-12,900.0,3.019859359162157e-11,DE better
ackley_10d,CDA (paper),GA,14.443423636830804,0.019758094803452142,900.0,3.019859359162157e-11,GA better
ackley_10d,CDA (paper),PSO,14.443423636830804,7.549516567451064e-15,900.0,2.078898697811576e-11,PSO better
ackley_10d,CDA (paper),Random,14.443423636830804,16.36780254568289,323.0,0.061451911011256986,tie
ackley_2d,CDA (paper),CDA (budgeted),0.42603190286036297,0.10988390574381635,663.0,0.0016797555161960338,CDA (budgeted) better
ackley_2d,CDA (paper),DE,0.42603190286036297,4.440892098500626e-16,900.0,1.2117803970059759e-12,DE better
ackley_2d,CDA (paper),GA,0.42603190286036297,4.440892098500626e-16,892.0,4.401949404752502e-11,GA better
ackley_2d,CDA (paper),PSO,0.42603190286036297,4.3530024029792003e-10,900.0,3.019859359162157e-11,PSO better
ackley_2d,CDA (paper),Random,0.42603190286036297,2.68819336816444,237.0,0.0016797555161960338,CDA (paper) better
ackley_30d,CDA (paper),CDA (budgeted),19.725294000838495,3.8059281035604493,900.0,3.019859359162157e-11,CDA (budgeted) better
ackley_30d,CDA (paper),DE,19.725294000838495,1.740128618976655e-08,900.0,3.019859359162157e-11,DE better
ackley_30d,CDA (paper),GA,19.725294000838495,0.014439093454730045,900.0,3.019859359162157e-11,GA better
ackley_30d,CDA (paper),PSO,19.725294000838495,1.2477848952910748,900.0,2.978472128053608e-11,PSO better
ackley_30d,CDA (paper),Random,19.725294000838495,19.74032593821804,473.0,0.7393988193114496,tie
booth,CDA (paper),CDA (budgeted),3.132012476136268e-08,0.0003724715138144344,0.0,3.019859359162157e-11,CDA (paper) better
booth,CDA (paper),DE,3.132012476136268e-08,0.0,900.0,1.2117803970059759e-12,DE better
booth,CDA (paper),GA,3.132012476136268e-08,1.1601641847152452e-06,409.0,0.5493267842679926,tie
booth,CDA (paper),PSO,3.132012476136268e-08,7.986280221046159e-20,900.0,3.019859359162157e-11,PSO better
booth,CDA (paper),Random,3.132012476136268e-08,0.01833665709236222,0.0,3.019859359162157e-11,CDA (paper) better
branin,CDA (paper),CDA (budgeted),0.3978873723856662,0.39805257784284276,0.0,3.019859359162157e-11,CDA (paper) better
branin,CDA (paper),DE,0.3978873723856662,0.39788735772973816,nan,1.0,tie
branin,CDA (paper),GA,0.3978873723856662,0.3978873577297497,663.0,0.0015432696796680036,GA better
branin,CDA (paper),PSO,0.3978873723856662,0.39788735772973816,nan,1.0,tie
branin,CDA (paper),Random,0.3978873723856662,0.4023996196037176,0.0,3.019859359162157e-11,CDA (paper) better
easom,CDA (paper),CDA (budgeted),-2.2025991280101432e-35,-0.9946180568873227,900.0,3.019859359162157e-11,CDA (budgeted) better
easom,CDA (paper),DE,-2.2025991280101432e-35,-1.0,900.0,1.2117803970059759e-12,DE better
easom,CDA (paper),GA,-2.2025991280101432e-35,-1.0,896.0,2.6934944417759964e-11,GA better
easom,CDA (paper),PSO,-2.2025991280101432e-35,-1.0,900.0,1.2117803970059759e-12,PSO better
easom,CDA (paper),Random,-2.2025991280101432e-35,-0.13683074799721745,892.0,6.69551896550012e-11,Random better
griewank_10d,CDA (paper),CDA (budgeted),1.6068760240195696,0.6718506921706454,900.0,3.019859359162157e-11,CDA (budgeted) better
griewank_10d,CDA (paper),DE,1.6068760240195696,0.08101751651435485,900.0,3.019859359162157e-11,DE better
griewank_10d,CDA (paper),GA,1.6068760240195696,0.08749815762721513,900.0,3.019859359162157e-11,GA better
griewank_10d,CDA (paper),PSO,1.6068760240195696,0.06153625195664386,900.0,3.0179667984904466e-11,PSO better
griewank_10d,CDA (paper),Random,1.6068760240195696,37.850979804665315,0.0,3.019859359162157e-11,CDA (paper) better
griewank_30d,CDA (paper),CDA (budgeted),9.876751664072632,1.172435427826915,900.0,3.019859359162157e-11,CDA (budgeted) better
griewank_30d,CDA (paper),DE,9.876751664072632,1.176836406102666e-14,900.0,3.008520215091029e-11,DE better
griewank_30d,CDA (paper),GA,9.876751664072632,0.033569397713060056,900.0,3.019859359162157e-11,GA better
griewank_30d,CDA (paper),PSO,9.876751664072632,0.008626662470967883,870.0,4.742984975353501e-10,PSO better
griewank_30d,CDA (paper),Random,9.876751664072632,352.0928150284027,0.0,3.019859359162157e-11,CDA (paper) better
himmelblau,CDA (paper),CDA (budgeted),5.917517049888193e-08,0.0004591672847048371,0.0,3.019859359162157e-11,CDA (paper) better
himmelblau,CDA (paper),DE,5.917517049888193e-08,0.0,900.0,5.203869821751052e-12,DE better
himmelblau,CDA (paper),GA,5.917517049888193e-08,8.529376476758948e-14,640.0,0.005032846859286623,GA better
himmelblau,CDA (paper),PSO,5.917517049888193e-08,4.498257291262565e-20,900.0,3.019859359162157e-11,PSO better
himmelblau,CDA (paper),Random,5.917517049888193e-08,0.023286704590326644,0.0,3.019859359162157e-11,CDA (paper) better
levy_10d,CDA (paper),CDA (budgeted),3.8618348541806813,0.0015936432922800925,891.0,7.389082518022347e-11,CDA (budgeted) better
levy_10d,CDA (paper),DE,3.8618348541806813,2.0273434082162793e-24,900.0,3.019859359162157e-11,DE better
levy_10d,CDA (paper),GA,3.8618348541806813,2.6466116076335718e-05,900.0,3.019859359162157e-11,GA better
levy_10d,CDA (paper),PSO,3.8618348541806813,4.492145214991784e-30,900.0,2.969138405322447e-11,PSO better
levy_10d,CDA (paper),Random,3.8618348541806813,9.063840203139314,50.0,3.4971115177179653e-09,CDA (paper) better
michalewicz_10d,CDA (paper),CDA (budgeted),-5.154534055536313,-7.773588041673909,900.0,3.019859359162157e-11,CDA (budgeted) better
michalewicz_10d,CDA (paper),DE,-5.154534055536313,-8.275968063589108,900.0,3.019859359162157e-11,DE better
michalewicz_10d,CDA (paper),GA,-5.154534055536313,-9.616871302621655,900.0,3.019859359162157e-11,GA better
michalewicz_10d,CDA (paper),PSO,-5.154534055536313,-8.482227259273941,900.0,3.019859359162157e-11,PSO better
michalewicz_10d,CDA (paper),Random,-5.154534055536313,-5.03596104905637,368.0,0.22823006680742364,tie
michalewicz_2d,CDA (paper),CDA (budgeted),-1.8012763419840092,-1.8012560041008898,385.0,0.34028846509891686,tie
michalewicz_2d,CDA (paper),DE,-1.8012763419840092,-1.8013034100985537,900.0,1.2117803970059759e-12,DE better
michalewicz_2d,CDA (paper),GA,-1.8012763419840092,-1.8013034100985534,870.0,4.129911568619482e-10,GA better
michalewicz_2d,CDA (paper),PSO,-1.8012763419840092,-1.8013034100985537,900.0,1.136351019927929e-11,PSO better
michalewicz_2d,CDA (paper),Random,-1.8012763419840092,-1.79509891087609,108.0,4.4440478739951943e-07,CDA (paper) better
paper_f1,CDA (paper),CDA (budgeted),-19.966533861875057,-19.963913634129376,58.0,7.118594879682295e-09,CDA (paper) better
paper_f1,CDA (paper),DE,-19.966533861875057,-19.96668332936563,900.0,1.2117803970059759e-12,DE better
paper_f1,CDA (paper),GA,-19.966533861875057,-19.96668332936563,797.0,1.787625920290189e-07,GA better
paper_f1,CDA (paper),PSO,-19.966533861875057,-19.96668332936063,900.0,3.019859359162157e-11,PSO better
paper_f1,CDA (paper),Random,-19.966533861875057,-19.938939976585495,4.0,4.504322112705282e-11,CDA (paper) better
paper_f2,CDA (paper),CDA (budgeted),-0.24451229774969543,-0.24095027955014459,296.0,0.02324344705367121,CDA (paper) better
paper_f2,CDA (paper),DE,-0.24451229774969543,-0.24740519403861622,900.0,1.2117803970059759e-12,DE better
paper_f2,CDA (paper),GA,-0.24451229774969543,-0.24740519403861622,809.0,7.195957256991265e-08,GA better
paper_f2,CDA (paper),PSO,-0.24451229774969543,-0.24740519403714545,900.0,3.019859359162157e-11,PSO better
paper_f2,CDA (paper),Random,-0.24451229774969543,-0.20035953961886055,55.0,5.4617466566169245e-09,CDA (paper) better
rastrigin_10d,CDA (paper),CDA (budgeted),41.51309199452092,16.92085334549735,897.0,4.0771648468253186e-11,CDA (budgeted) better
rastrigin_10d,CDA (paper),DE,41.51309199452092,20.33546644571866,895.0,4.9751664405934084e-11,DE better
rastrigin_10d,CDA (paper),GA,41.51309199452092,0.003685547368696973,900.0,3.019859359162157e-11,GA better
rastrigin_10d,CDA (paper),PSO,41.51309199452092,4.477313238013572,900.0,2.8954237937874892e-11,PSO better
rastrigin_10d,CDA (paper),Random,41.51309199452092,63.354221947176526,79.0,4.310612299972247e-08,CDA (paper) better
rastrigin_2d,CDA (paper),CDA (budgeted),0.8983331685980573,0.03471472951401111,688.0,0.0004459191206574567,CDA (budgeted) better
rastrigin_2d,CDA (paper),DE,0.8983331685980573,0.0,900.0,1.2117803970059759e-12,DE better
rastrigin_2d,CDA (paper),GA,0.8983331685980573,0.0,879.0,1.3434354934239156e-10,GA better
rastrigin_2d,CDA (paper),PSO,0.8983331685980573,0.0,900.0,1.2117803970059759e-12,PSO better
rastrigin_2d,CDA (paper),Random,0.8983331685980573,0.6340431540380536,453.0,0.9705160513002812,tie
rastrigin_30d,CDA (paper),CDA (budgeted),247.8465435113255,113.93707478005919,900.0,3.019859359162157e-11,CDA (budgeted) better
rastrigin_30d,CDA (paper),DE,247.8465435113255,131.3135262108382,898.0,3.6897258539809896e-11,DE better
rastrigin_30d,CDA (paper),GA,247.8465435113255,0.010537697973433069,900.0,3.019859359162157e-11,GA better
rastrigin_30d,CDA (paper),PSO,247.8465435113255,102.51571676798046,900.0,3.019859359162157e-11,PSO better
rastrigin_30d,CDA (paper),Random,247.8465435113255,329.81646183759744,0.0,3.019859359162157e-11,CDA (paper) better
rosenbrock_10d,CDA (paper),CDA (budgeted),10.936337632858066,7.07424119822889,888.0,9.918628618948002e-11,CDA (budgeted) better
rosenbrock_10d,CDA (paper),DE,10.936337632858066,4.26422363697198,900.0,3.019859359162157e-11,DE better
rosenbrock_10d,CDA (paper),GA,10.936337632858066,7.666588847884809,860.0,1.4109773081080244e-09,GA better
rosenbrock_10d,CDA (paper),PSO,10.936337632858066,1.66408124914838,900.0,3.019859359162157e-11,PSO better
rosenbrock_10d,CDA (paper),Random,10.936337632858066,144.75658891254255,0.0,3.019859359162157e-11,CDA (paper) better
rosenbrock_2d,CDA (paper),CDA (budgeted),1.728140417554467e-05,0.0005962149978493851,104.0,3.2555395233551233e-07,CDA (paper) better
rosenbrock_2d,CDA (paper),DE,1.728140417554467e-05,0.0,900.0,1.2117803970059759e-12,DE better
rosenbrock_2d,CDA (paper),GA,1.728140417554467e-05,0.005313806447750178,72.0,2.3897386921024213e-08,CDA (paper) better
rosenbrock_2d,CDA (paper),PSO,1.728140417554467e-05,3.6050488742715796e-11,900.0,3.019859359162157e-11,PSO better
rosenbrock_2d,CDA (paper),Random,1.728140417554467e-05,0.004855817888653576,29.0,5.072313498155901e-10,CDA (paper) better
rosenbrock_30d,CDA (paper),CDA (budgeted),162.9252824505621,37.900462752124184,886.0,1.2056679006359843e-10,CDA (budgeted) better
rosenbrock_30d,CDA (paper),DE,162.9252824505621,25.5893733591832,900.0,3.019859359162157e-11,DE better
rosenbrock_30d,CDA (paper),GA,162.9252824505621,27.49928957099773,885.0,1.328851208138703e-10,GA better
rosenbrock_30d,CDA (paper),PSO,162.9252824505621,21.282833493643412,896.0,4.504322112705282e-11,PSO better
rosenbrock_30d,CDA (paper),Random,162.9252824505621,2915.7436632094596,0.0,3.019859359162157e-11,CDA (paper) better
schwefel_10d,CDA (paper),CDA (budgeted),1598.270364259711,1011.152876773479,882.0,1.77690788708274e-10,CDA (budgeted) better
schwefel_10d,CDA (paper),DE,1598.270364259711,264.12631266244284,900.0,3.019859359162157e-11,DE better
schwefel_10d,CDA (paper),GA,1598.270364259711,473.7559746962461,900.0,3.019859359162157e-11,GA better
schwefel_10d,CDA (paper),PSO,1598.270364259711,713.6641267109526,894.0,5.42069920168926e-11,PSO better
schwefel_10d,CDA (paper),Random,1598.270364259711,1723.1336334665257,354.0,0.1579756891505133,tie
six_hump_camel,CDA (paper),CDA (budgeted),-1.0316284504709896,-1.0316042848199602,0.0,3.019859359162157e-11,CDA (paper) better
six_hump_camel,CDA (paper),DE,-1.0316284504709896,-1.0316284534898774,nan,1.0,tie
six_hump_camel,CDA (paper),GA,-1.0316284504709896,-1.0316284534898774,678.0,0.0006307704099000937,GA better
six_hump_camel,CDA (paper),PSO,-1.0316284504709896,-1.0316284534898774,nan,1.0,tie
six_hump_camel,CDA (paper),Random,-1.0316284504709896,-1.0298571006544779,0.0,3.019859359162157e-11,CDA (paper) better
sphere_10d,CDA (paper),CDA (budgeted),0.17178264337899618,2.6921820301458502e-05,900.0,3.019859359162157e-11,CDA (budgeted) better
sphere_10d,CDA (paper),DE,0.17178264337899618,2.937378800853803e-25,900.0,3.019859359162157e-11,DE better
sphere_10d,CDA (paper),GA,0.17178264337899618,1.1504339770199772e-05,900.0,3.019859359162157e-11,GA better
sphere_10d,CDA (paper),PSO,0.17178264337899618,0.0,900.0,1.591331959917232e-11,PSO better
sphere_10d,CDA (paper),Random,0.17178264337899618,10.7338740437816,0.0,3.019859359162157e-11,CDA (paper) better
sphere_2d,CDA (paper),CDA (budgeted),2.6929703520194392e-09,3.049404345773916e-05,0.0,3.019859359162157e-11,CDA (paper) better
sphere_2d,CDA (paper),DE,2.6929703520194392e-09,0.0,900.0,1.2117803970059759e-12,DE better
sphere_2d,CDA (paper),GA,2.6929703520194392e-09,0.0,840.0,4.411388926509873e-09,GA better
sphere_2d,CDA (paper),PSO,2.6929703520194392e-09,1.2409317703291292e-21,900.0,3.019859359162157e-11,PSO better
sphere_2d,CDA (paper),Random,2.6929703520194392e-09,0.0032228480299441916,0.0,3.019859359162157e-11,CDA (paper) better
sphere_30d,CDA (paper),CDA (budgeted),2.9062219122258774,0.11650208020775497,900.0,3.019859359162157e-11,CDA (budgeted) better
sphere_30d,CDA (paper),DE,2.9062219122258774,7.065981487202653e-18,900.0,3.019859359162157e-11,DE better
sphere_30d,CDA (paper),GA,2.9062219122258774,1.54968802967117e-05,900.0,3.019859359162157e-11,GA better
sphere_30d,CDA (paper),PSO,2.9062219122258774,1.3847538112504806e-24,870.0,5.572653248454238e-10,PSO better
sphere_30d,CDA (paper),Random,2.9062219122258774,102.26319428103363,0.0,3.019859359162157e-11,CDA (paper) better
step_10d,CDA (paper),CDA (budgeted),39.5,0.0,900.0,1.6833056477970457e-11,CDA (budgeted) better
step_10d,CDA (paper),DE,39.5,0.0,900.0,1.2068426515864109e-12,DE better
step_10d,CDA (paper),GA,39.5,0.0,900.0,1.2068426515864109e-12,GA better
step_10d,CDA (paper),PSO,39.5,0.0,900.0,1.2068426515864109e-12,PSO better
step_10d,CDA (paper),Random,39.5,4092.5,1.0,3.3259081148535236e-11,CDA (paper) better
step_30d,CDA (paper),CDA (budgeted),1296.0,110.0,900.0,3.0179667984904466e-11,CDA (budgeted) better
step_30d,CDA (paper),DE,1296.0,0.0,900.0,1.2107913587996517e-12,DE better
step_30d,CDA (paper),GA,1296.0,0.0,900.0,1.2107913587996517e-12,GA better
step_30d,CDA (paper),PSO,1296.0,1.0,874.0,2.7544087141544027e-10,PSO better
step_30d,CDA (paper),Random,1296.0,39151.5,1.0,3.334223847982939e-11,CDA (paper) better
zakharov_10d,CDA (paper),CDA (budgeted),26.691654691371074,0.021899365227017263,898.0,3.6897258539809896e-11,CDA (budgeted) better
zakharov_10d,CDA (paper),DE,26.691654691371074,1.0280485451614105e-16,900.0,3.019859359162157e-11,DE better
zakharov_10d,CDA (paper),GA,26.691654691371074,2.0574671045560042,892.0,6.69551896550012e-11,GA better
zakharov_10d,CDA (paper),PSO,26.691654691371074,5.67274404850613e-17,883.0,1.6132250444697864e-10,PSO better
zakharov_10d,CDA (paper),Random,26.691654691371074,38.827308085241185,274.0,0.009468269708615267,CDA (paper) better
ackley_10d,CDA (budgeted),CDA (paper),1.173796895549581,14.443423636830804,0.0,3.019859359162157e-11,CDA (budgeted) better
ackley_10d,CDA (budgeted),DE,1.173796895549581,4.213962512267244e-12,900.0,3.019859359162157e-11,DE better
ackley_10d,CDA (budgeted),GA,1.173796895549581,0.019758094803452142,890.0,8.152744512218774e-11,GA better
ackley_10d,CDA (budgeted),PSO,1.173796895549581,7.549516567451064e-15,900.0,2.078898697811576e-11,PSO better
ackley_10d,CDA (budgeted),Random,1.173796895549581,16.36780254568289,0.0,3.019859359162157e-11,CDA (budgeted) better
ackley_2d,CDA (budgeted),CDA (paper),0.10988390574381635,0.42603190286036297,237.0,0.0016797555161960338,CDA (budgeted) better
ackley_2d,CDA (budgeted),DE,0.10988390574381635,4.440892098500626e-16,900.0,1.2117803970059759e-12,DE better
ackley_2d,CDA (budgeted),GA,0.10988390574381635,4.440892098500626e-16,893.0,3.9804949204222183e-11,GA better
ackley_2d,CDA (budgeted),PSO,0.10988390574381635,4.3530024029792003e-10,900.0,3.019859359162157e-11,PSO better
ackley_2d,CDA (budgeted),Random,0.10988390574381635,2.68819336816444,0.0,3.019859359162157e-11,CDA (budgeted) better
ackley_30d,CDA (budgeted),CDA (paper),3.8059281035604493,19.725294000838495,0.0,3.019859359162157e-11,CDA (budgeted) better
ackley_30d,CDA (budgeted),DE,3.8059281035604493,1.740128618976655e-08,900.0,3.019859359162157e-11,DE better
ackley_30d,CDA (budgeted),GA,3.8059281035604493,0.014439093454730045,900.0,3.019859359162157e-11,GA better
ackley_30d,CDA (budgeted),PSO,3.8059281035604493,1.2477848952910748,840.0,8.396727840384934e-09,PSO better
ackley_30d,CDA (budgeted),Random,3.8059281035604493,19.74032593821804,0.0,3.019859359162157e-11,CDA (budgeted) better
booth,CDA (budgeted),CDA (paper),0.0003724715138144344,3.132012476136268e-08,900.0,3.019859359162157e-11,CDA (paper) better
booth,CDA (budgeted),DE,0.0003724715138144344,0.0,900.0,1.2117803970059759e-12,DE better
booth,CDA (budgeted),GA,0.0003724715138144344,1.1601641847152452e-06,691.0,0.0003770395640831686,GA better
booth,CDA (budgeted),PSO,0.0003724715138144344,7.986280221046159e-20,900.0,3.019859359162157e-11,PSO better
booth,CDA (budgeted),Random,0.0003724715138144344,0.01833665709236222,33.0,7.380285855777029e-10,CDA (budgeted) better
branin,CDA (budgeted),CDA (paper),0.39805257784284276,0.3978873723856662,900.0,3.019859359162157e-11,CDA (paper) better
branin,CDA (budgeted),DE,0.39805257784284276,0.39788735772973816,900.0,1.2117803970059759e-12,DE better
branin,CDA (budgeted),GA,0.39805257784284276,0.3978873577297497,796.0,2.6295746118793916e-07,GA better
branin,CDA (budgeted),PSO,0.39805257784284276,0.39788735772973816,900.0,1.2117803970059759e-12,PSO better
branin,CDA (budgeted),Random,0.39805257784284276,0.4023996196037176,72.0,2.3897386921024213e-08,CDA (budgeted) better
easom,CDA (budgeted),CDA (paper),-0.9946180568873227,-2.2025991280101432e-35,0.0,3.019859359162157e-11,CDA (budgeted) better
easom,CDA (budgeted),DE,-0.9946180568873227,-1.0,900.0,1.2117803970059759e-12,DE better
easom,CDA (budgeted),GA,-0.9946180568873227,-1.0,718.0,6.322353742944052e-05,GA better
easom,CDA (budgeted),PSO,-0.9946180568873227,-1.0,900.0,1.2117803970059759e-12,PSO better
easom,CDA (budgeted),Random,-0.9946180568873227,-0.13683074799721745,0.0,3.019859359162157e-11,CDA (budgeted) better
griewank_10d,CDA (budgeted),CDA (paper),0.6718506921706454,1.6068760240195696,0.0,3.019859359162157e-11,CDA (budgeted) better
griewank_10d,CDA (budgeted),DE,0.6718506921706454,0.08101751651435485,835.0,1.3111030420756061e-08,DE better
griewank_10d,CDA (budgeted),GA,0.6718506921706454,0.08749815762721513,854.0,2.438626624144956e-09,GA better
griewank_10d,CDA (budgeted),PSO,0.6718506921706454,0.06153625195664386,877.0,2.8699608916353066e-10,PSO better
griewank_10d,CDA (budgeted),Random,0.6718506921706454,37.850979804665315,0.0,3.019859359162157e-11,CDA (budgeted) better
griewank_30d,CDA (budgeted),CDA (paper),1.172435427826915,9.876751664072632,0.0,3.019859359162157e-11,CDA (budgeted) better
griewank_30d,CDA (budgeted),DE,1.172435427826915,1.176836406102666e-14,900.0,3.008520215091029e-11,DE better
griewank_30d,CDA (budgeted),GA,1.172435427826915,0.033569397713060056,900.0,3.019859359162157e-11,GA better
griewank_30d,CDA (budgeted),PSO,1.172435427826915,0.008626662470967883,870.0,4.742984975353501e-10,PSO better
griewank_30d,CDA (budgeted),Random,1.172435427826915,352.0928150284027,0.0,3.019859359162157e-11,CDA (budgeted) better
himmelblau,CDA (budgeted),CDA (paper),0.0004591672847048371,5.917517049888193e-08,900.0,3.019859359162157e-11,CDA (paper) better
himmelblau,CDA (budgeted),DE,0.0004591672847048371,0.0,900.0,5.203869821751052e-12,DE better
himmelblau,CDA (budgeted),GA,0.0004591672847048371,8.529376476758948e-14,824.0,3.23094017426244e-08,GA better
himmelblau,CDA (budgeted),PSO,0.0004591672847048371,4.498257291262565e-20,900.0,3.019859359162157e-11,PSO better
himmelblau,CDA (budgeted),Random,0.0004591672847048371,0.023286704590326644,24.0,3.158889488129529e-10,CDA (budgeted) better
levy_10d,CDA (budgeted),CDA (paper),0.0015936432922800925,3.8618348541806813,9.0,7.389082518022347e-11,CDA (budgeted) better
levy_10d,CDA (budgeted),DE,0.0015936432922800925,2.0273434082162793e-24,900.0,3.019859359162157e-11,DE better
levy_10d,CDA (budgeted),GA,0.0015936432922800925,2.6466116076335718e-05,858.0,1.6947244610469585e-09,GA better
levy_10d,CDA (budgeted),PSO,0.0015936432922800925,4.492145214991784e-30,900.0,2.969138405322447e-11,PSO better
levy_10d,CDA (budgeted),Random,0.0015936432922800925,9.063840203139314,0.0,3.019859359162157e-11,CDA (budgeted) better
michalewicz_10d,CDA (budgeted),CDA (paper),-7.773588041673909,-5.154534055536313,0.0,3.019859359162157e-11,CDA (budgeted) better
michalewicz_10d,CDA (budgeted),DE,-7.773588041673909,-8.275968063589108,727.0,4.353076572838203e-05,DE better
michalewicz_10d,CDA (budgeted),GA,-7.773588041673909,-9.616871302621655,900.0,3.019859359162157e-11,GA better
michalewicz_10d,CDA (budgeted),PSO,-7.773588041673909,-8.482227259273941,678.0,0.0007697288698323855,PSO better
michalewicz_10d,CDA (budgeted),Random,-7.773588041673909,-5.03596104905637,0.0,3.019859359162157e-11,CDA (budgeted) better
michalewicz_2d,CDA (budgeted),CDA (paper),-1.8012560041008898,-1.8012763419840092,515.0,0.34028846509891686,tie
michalewicz_2d,CDA (budgeted),DE,-1.8012560041008898,-1.8013034100985537,900.0,1.2117803970059759e-12,DE better
michalewicz_2d,CDA (budgeted),GA,-1.8012560041008898,-1.8013034100985534,874.0,2.815297741831886e-10,GA better
michalewicz_2d,CDA (budgeted),PSO,-1.8012560041008898,-1.8013034100985537,900.0,1.136351019927929e-11,PSO better
michalewicz_2d,CDA (budgeted),Random,-1.8012560041008898,-1.79509891087609,0.0,3.019859359162157e-11,CDA (budgeted) better
paper_f1,CDA (budgeted),CDA (paper),-19.963913634129376,-19.966533861875057,842.0,7.118594879682295e-09,CDA (paper) better
paper_f1,CDA (budgeted),DE,-19.963913634129376,-19.96668332936563,900.0,1.2117803970059759e-12,DE better
paper_f1,CDA (budgeted),GA,-19.963913634129376,-19.96668332936563,893.0,2.620719300091149e-11,GA better
paper_f1,CDA (budgeted),PSO,-19.963913634129376,-19.96668332936063,900.0,3.019859359162157e-11,PSO better
paper_f1,CDA (budgeted),Random,-19.963913634129376,-19.938939976585495,15.0,1.328851208138703e-10,CDA (budgeted) better
paper_f2,CDA (budgeted),CDA (paper),-0.24095027955014459,-0.24451229774969543,604.0,0.02324344705367121,CDA (paper) better
paper_f2,CDA (budgeted),DE,-0.24095027955014459,-0.24740519403861622,900.0,1.2117803970059759e-12,DE better
paper_f2,CDA (budgeted),GA,-0.24095027955014459,-0.24740519403861622,818.0,3.362577147112278e-08,GA better
paper_f2,CDA (budgeted),PSO,-0.24095027955014459,-0.24740519403714545,900.0,3.019859359162157e-11,PSO better
paper_f2,CDA (budgeted),Random,-0.24095027955014459,-0.20035953961886055,32.0,6.72195435841357e-10,CDA (budgeted) better
rastrigin_10d,CDA (budgeted),CDA (paper),16.92085334549735,41.51309199452092,3.0,4.0771648468253186e-11,CDA (budgeted) better
rastrigin_10d,CDA (budgeted),DE,16.92085334549735,20.33546644571866,228.0,0.0010575543184782395,CDA (budgeted) better
rastrigin_10d,CDA (budgeted),GA,16.92085334549735,0.003685547368696973,900.0,3.019859359162157e-11,GA better
rastrigin_10d,CDA (budgeted),PSO,16.92085334549735,4.477313238013572,896.0,4.3218734950917475e-11,PSO better
rastrigin_10d,CDA (budgeted),Random,16.92085334549735,63.354221947176526,0.0,3.019859359162157e-11,CDA (budgeted) better
rastrigin_2d,CDA (budgeted),CDA (paper),0.03471472951401111,0.8983331685980573,212.0,0.0004459191206574567,CDA (budgeted) better
rastrigin_2d,CDA (budgeted),DE,0.03471472951401111,0.0,900.0,1.2117803970059759e-12,DE better
rastrigin_2d,CDA (budgeted),GA,0.03471472951401111,0.0,884.0,8.1877720828705e-11,GA better
rastrigin_2d,CDA (budgeted),PSO,0.03471472951401111,0.0,900.0,1.2117803970059759e-12,PSO better
rastrigin_2d,CDA (budgeted),Random,0.03471472951401111,0.6340431540380536,26.0,3.8201597819993253e-10,CDA (budgeted) better
rastrigin_30d,CDA (budgeted),CDA (paper),113.93707478005919,247.8465435113255,0.0,3.019859359162157e-11,CDA (budgeted) better
rastrigin_30d,CDA (budgeted),DE,113.93707478005919,131.3135262108382,298.0,0.02510128272933511,CDA (budgeted) better
rastrigin_30d,CDA (budgeted),GA,113.93707478005919,0.010537697973433069,900.0,3.019859359162157e-11,GA better
rastrigin_30d,CDA (budgeted),PSO,113.93707478005919,102.51571676798046,659.0,0.0020523338723804135,PSO better
rastrigin_30d,CDA (budgeted),Random,113.93707478005919,329.81646183759744,0.0,3.019859359162157e-11,CDA (budgeted) better
rosenbrock_10d,CDA (budgeted),CDA (paper),7.07424119822889,10.936337632858066,12.0,9.918628618948002e-11,CDA (budgeted) better
rosenbrock_10d,CDA (budgeted),DE,7.07424119822889,4.26422363697198,767.0,2.87897208006701e-06,DE better
rosenbrock_10d,CDA (budgeted),GA,7.07424119822889,7.666588847884809,276.0,0.010314672402337998,CDA (budgeted) better
rosenbrock_10d,CDA (budgeted),PSO,7.07424119822889,1.66408124914838,854.0,2.438626624144956e-09,PSO better
rosenbrock_10d,CDA (budgeted),Random,7.07424119822889,144.75658891254255,0.0,3.019859359162157e-11,CDA (budgeted) better
rosenbrock_2d,CDA (budgeted),CDA (paper),0.0005962149978493851,1.728140417554467e-05,796.0,3.2555395233551233e-07,CDA (paper) better
rosenbrock_2d,CDA (budgeted),DE,0.0005962149978493851,0.0,900.0,1.2117803970059759e-12,DE better
rosenbrock_2d,CDA (budgeted),GA,0.0005962149978493851,0.005313806447750178,216.0,0.0005561109783724005,CDA (budgeted) better
rosenbrock_2d,CDA (budgeted),PSO,0.0005962149978493851,3.6050488742715796e-11,900.0,3.019859359162157e-11,PSO better
rosenbrock_2d,CDA (budgeted),Random,0.0005962149978493851,0.004855817888653576,117.0,8.841094917328212e-07,CDA (budgeted) better
rosenbrock_30d,CDA (budgeted),CDA (paper),37.900462752124184,162.9252824505621,14.0,1.2056679006359843e-10,CDA (budgeted) better
rosenbrock_30d,CDA (budgeted),DE,37.900462752124184,25.5893733591832,857.0,1.856733730733389e-09,DE better
rosenbrock_30d,CDA (budgeted),GA,37.900462752124184,27.49928957099773,623.0,0.010762612595411516,GA better
rosenbrock_30d,CDA (budgeted),PSO,37.900462752124184,21.282833493643412,843.0,6.5182731281236696e-09,PSO better
rosenbrock_30d,CDA (budgeted),Random,37.900462752124184,2915.7436632094596,0.0,3.019859359162157e-11,CDA (budgeted) better
schwefel_10d,CDA (budgeted),CDA (paper),1011.152876773479,1598.270364259711,18.0,1.77690788708274e-10,CDA (budgeted) better
schwefel_10d,CDA (budgeted),DE,1011.152876773479,264.12631266244284,874.0,3.8201597819993253e-10,DE better
schwefel_10d,CDA (budgeted),GA,1011.152876773479,473.7559746962461,880.0,2.154399276691175e-10,GA better
schwefel_10d,CDA (budgeted),PSO,1011.152876773479,713.6641267109526,689.0,0.00042003702627000554,PSO better
schwefel_10d,CDA (budgeted),Random,1011.152876773479,1723.1336334665257,2.0,3.6897258539809896e-11,CDA (budgeted) better
six_hump_camel,CDA (budgeted),CDA (paper),-1.0316042848199602,-1.0316284504709896,900.0,3.019859359162157e-11,CDA (paper) better
six_hump_camel,CDA (budgeted),DE,-1.0316042848199602,-1.0316284534898774,900.0,1.2117803970059759e-12,DE better
six_hump_camel,CDA (budgeted),GA,-1.0316042848199602,-1.0316284534898774,849.0,2.135105707401743e-09,GA better
six_hump_camel,CDA (budgeted),PSO,-1.0316042848199602,-1.0316284534898774,900.0,1.2117803970059759e-12,PSO better
six_hump_camel,CDA (budgeted),Random,-1.0316042848199602,-1.0298571006544779,1.0,3.3383888204288e-11,CDA (budgeted) better
sphere_10d,CDA (budgeted),CDA (paper),2.6921820301458502e-05,0.17178264337899618,0.0,3.019859359162157e-11,CDA (budgeted) better
sphere_10d,CDA (budgeted),DE,2.6921820301458502e-05,2.937378800853803e-25,900.0,3.019859359162157e-11,DE better
sphere_10d,CDA (budgeted),GA,2.6921820301458502e-05,1.1504339770199772e-05,558.0,0.11198687208268976,tie
sphere_10d,CDA (budgeted),PSO,2.6921820301458502e-05,0.0,900.0,1.591331959917232e-11,PSO better
sphere_10d,CDA (budgeted),Random,2.6921820301458502e-05,10.7338740437816,0.0,3.019859359162157e-11,CDA (budgeted) better
sphere_2d,CDA (budgeted),CDA (paper),3.049404345773916e-05,2.6929703520194392e-09,900.0,3.019859359162157e-11,CDA (paper) better
sphere_2d,CDA (budgeted),DE,3.049404345773916e-05,0.0,900.0,1.2117803970059759e-12,DE better
sphere_2d,CDA (budgeted),GA,3.049404345773916e-05,0.0,893.0,2.620719300091149e-11,GA better
sphere_2d,CDA (budgeted),PSO,3.049404345773916e-05,1.2409317703291292e-21,900.0,3.019859359162157e-11,PSO better
sphere_2d,CDA (budgeted),Random,3.049404345773916e-05,0.0032228480299441916,0.0,3.019859359162157e-11,CDA (budgeted) better
sphere_30d,CDA (budgeted),CDA (paper),0.11650208020775497,2.9062219122258774,0.0,3.019859359162157e-11,CDA (budgeted) better
sphere_30d,CDA (budgeted),DE,0.11650208020775497,7.065981487202653e-18,900.0,3.019859359162157e-11,DE better
sphere_30d,CDA (budgeted),GA,0.11650208020775497,1.54968802967117e-05,900.0,3.019859359162157e-11,GA better
sphere_30d,CDA (budgeted),PSO,0.11650208020775497,1.3847538112504806e-24,870.0,5.572653248454238e-10,PSO better
sphere_30d,CDA (budgeted),Random,0.11650208020775497,102.26319428103363,0.0,3.019859359162157e-11,CDA (budgeted) better
step_10d,CDA (budgeted),CDA (paper),0.0,39.5,0.0,1.6833056477970457e-11,CDA (budgeted) better
step_10d,CDA (budgeted),DE,0.0,0.0,645.0,6.351901546106804e-05,DE better
step_10d,CDA (budgeted),GA,0.0,0.0,645.0,6.351901546106804e-05,GA better
step_10d,CDA (budgeted),PSO,0.0,0.0,645.0,6.351901546106804e-05,PSO better
step_10d,CDA (budgeted),Random,0.0,4092.5,0.0,1.6877512379779156e-11,CDA (budgeted) better
step_30d,CDA (budgeted),CDA (paper),110.0,1296.0,0.0,3.0179667984904466e-11,CDA (budgeted) better
step_30d,CDA (budgeted),DE,110.0,0.0,900.0,1.2117803970059759e-12,DE better
step_30d,CDA (budgeted),GA,110.0,0.0,900.0,1.2117803970059759e-12,GA better
step_30d,CDA (budgeted),PSO,110.0,1.0,870.0,4.0445004559420357e-10,PSO better
step_30d,CDA (budgeted),Random,110.0,39151.5,0.0,3.0179667984904466e-11,CDA (budgeted) better
zakharov_10d,CDA (budgeted),CDA (paper),0.021899365227017263,26.691654691371074,2.0,3.6897258539809896e-11,CDA (budgeted) better
zakharov_10d,CDA (budgeted),DE,0.021899365227017263,1.0280485451614105e-16,900.0,3.019859359162157e-11,DE better
zakharov_10d,CDA (budgeted),GA,0.021899365227017263,2.0574671045560042,107.0,4.1127057365406515e-07,CDA (budgeted) better
zakharov_10d,CDA (budgeted),PSO,0.021899365227017263,5.67274404850613e-17,870.0,5.572653248454238e-10,PSO better
zakharov_10d,CDA (budgeted),Random,0.021899365227017263,38.827308085241185,0.0,3.019859359162157e-11,CDA (budgeted) better
