problem,dim,algorithm,runs,best,median,mean,std,worst,mean_error,success_rate,median_evals_to_target,mean_evaluations,mean_seconds
ackley_10d,10,CDA (budgeted),30,0.026597636874680308,1.173796895549581,1.145686187190094,0.7424982118235364,2.526855538306592,1.145686187190094,0.0,nan,30000.0,0.025531439566687672
ackley_10d,10,CDA (paper),30,7.361103166977292,14.443423636830804,13.796612764660125,3.6446752354605714,18.62309773739041,13.796612764660125,0.0,nan,578.6,0.0020212661332758824
ackley_10d,10,DE,30,1.496136547984861e-12,4.213962512267244e-12,5.256447129416605e-12,2.629529667773654e-12,1.2925216452686072e-11,5.256447129416605e-12,1.0,13400.0,30000.0,0.044407517700013464
ackley_10d,10,GA,30,0.003998475103504706,0.019758094803452142,0.021169470914329094,0.010911494095943382,0.04351594459670283,0.021169470914329094,0.0,nan,30000.0,0.04468344019990885
ackley_10d,10,PSO,30,4.440892098500626e-16,7.549516567451064e-15,8.970602038971265e-15,9.026390777007191e-15,2.886579864025407e-14,8.970602038971265e-15,1.0,10125.0,30000.0,0.0275029682999957
ackley_10d,10,Random,30,13.420484342512891,16.36780254568289,16.134261630622543,0.9062370302548338,17.52903790959601,16.134261630622543,0.0,nan,30000.0,0.020236379633358108
ackley_2d,2,CDA (budgeted),30,0.026316408788862322,0.10988390574381635,0.1251522160714247,0.07337772915711128,0.2565859610571519,0.1251522160714247,0.0,nan,10000.0,0.014769093166645082
ackley_2d,2,CDA (paper),30,0.0007936420510614717,0.42603190286036297,1.241552487891759,1.3221681950031712,3.635608477316414,1.241552487891759,0.0,nan,359.7,0.001036368300022635
ackley_2d,2,DE,30,4.440892098500626e-16,4.440892098500626e-16,4.440892098500626e-16,0.0,4.440892098500626e-16,4.440892098500626e-16,1.0,2400.0,10000.0,0.013721215999945949
ackley_2d,2,GA,30,4.440892098500626e-16,4.440892098500626e-16,0.0025428256511432026,0.010602663648875013,0.05543773930806184,0.0025428256511432026,0.9,1150.0,10000.0,0.012269019400021838
ackley_2d,2,PSO,30,7.992584372118472e-11,4.3530024029792003e-10,7.016009995197692e-10,7.375632729314009e-10,3.1084259610736353e-09,7.016009995197692e-10,1.0,4100.0,10000.0,0.007918619233472176
ackley_2d,2,Random,30,0.5231530760614693,2.68819336816444,2.299348419563205,0.8345683910174775,3.287267984385189,2.299348419563205,0.0,nan,10000.0,0.0053031786665693895
ackley_30d,30,CDA (budgeted),30,2.6957648897376107,3.8059281035604493,4.216146559672385,1.310096166856581,8.632194074890783,4.216146559672385,0.0,nan,60000.0,0.09344457190012084
ackley_30d,30,CDA (paper),30,18.939177447170476,19.725294000838495,19.707434758573775,0.3205518761576909,20.289551633265543,19.707434758573775,0.0,nan,557.0,0.0022164823333696406
ackley_30d,30,DE,30,7.24831084042421e-09,1.740128618976655e-08,2.650907271473102e-08,3.864614224210897e-08,2.2386582942957034e-07,2.650907271473102e-08,1.0,36425.0,60000.0,0.10683194589998189
ackley_30d,30,GA,30,0.005216135194516358,0.014439093454730045,0.019164658149759095,0.013031101999977965,0.07281133337305379,0.019164658149759095,0.0,nan,60000.0,0.12138772979997156
ackley_30d,30,PSO,30,3.1872282590938994e-12,1.2477848952910748,1.7740396240078695,3.5229085609406328,14.36036213171025,1.7740396240078695,0.43333333333333335,28700.0,60000.0,0.07252479873341144
ackley_30d,30,Random,30,18.82040548682728,19.74032593821804,19.691236986271385,0.25251882338573883,20.037126855337668,19.691236986271385,0.0,nan,60000.0,0.061659307499940044
booth,2,CDA (budgeted),30,8.73750468673005e-05,0.0003724715138144344,0.0005251864428021063,0.00048202078723585414,0.0023027049344096374,0.0005251864428021063,0.06666666666666667,9100.5,10000.0,0.0015335927001009016
booth,2,CDA (paper),30,1.0041233550809282e-10,3.132012476136268e-08,5.774074073770704e-07,1.3558568514060285e-06,5.256670807046986e-06,5.774074073770704e-07,1.0,5765.0,7976.766666666666,0.0020574754334423536
booth,2,DE,30,0.0,0.0,0.0,0.0,0.0,0.0,1.0,1225.0,10000.0,0.011932952600060769
booth,2,GA,30,5.793372182301481e-19,1.1601641847152452e-06,0.008243631211603692,0.025204763401173388,0.1090007391994195,0.008243631211603692,0.7,700.0,10000.0,0.010543237466663413
booth,2,PSO,30,1.8966478551480425e-21,7.986280221046159e-20,3.5678441419702295e-19,6.839557517638467e-19,3.069176098908898e-18,3.5678441419702295e-19,1.0,1750.0,10000.0,0.006254625566695419
booth,2,Random,30,1.236160276506172e-05,0.01833665709236222,0.029656116917024352,0.0299401674797977,0.11523173705919003,0.029656116917024352,0.03333333333333333,3450.0,10000.0,0.003551323400097317
branin,2,CDA (budgeted),30,0.39788997725442954,0.39805257784284276,0.39814229770829485,0.0002279215531337019,0.398769660306705,0.00025493997855588295,0.3,8267.0,10000.0,0.0017594246667310169
branin,2,CDA (paper),30,0.39788735774586215,0.3978873723856662,0.3978874213464165,1.2714740564253564e-07,0.39788797560983014,6.361667755176252e-08,1.0,4959.0,7725.4,0.001962104533413367
branin,2,DE,30,0.39788735772973816,0.39788735772973816,0.39788735772973816,0.0,0.39788735772973816,8.326672684688674e-16,1.0,1750.0,10000.0,0.01231037076656018
branin,2,GA,30,0.39788735772973816,0.3978873577297497,0.39805461836712497,0.0005293694061988681,0.4002775724696441,0.0001672606373868272,0.9,600.0,10000.0,0.010898297800000971
branin,2,PSO,30,0.39788735772973816,0.39788735772973816,0.39788735772973816,0.0,0.39788735772973816,8.326672684688674e-16,1.0,1500.0,10000.0,0.006654576799913533
branin,2,Random,30,0.39790367462718557,0.4023996196037176,0.4035051583491083,0.004773620373944251,0.41807130480674815,0.005617800619369299,0.03333333333333333,1200.0,10000.0,0.003981705666562144
easom,2,CDA (budgeted),30,-0.9999305608267478,-0.9946180568873227,-0.9882293364185382,0.013736830891808851,-0.9471195968123639,0.011770663581461886,0.03333333333333333,7557.0,10000.0,0.015713446633344574
easom,2,CDA (paper),30,-0.05823877303772116,-2.2025991280101432e-35,-0.0019425627143318277,0.010632658684061404,-2.740638750292982e-107,0.9980574372856681,0.0,nan,236.96666666666667,0.00014551749997432733
easom,2,DE,30,-1.0,-1.0,-1.0,0.0,-1.0,0.0,1.0,2575.0,10000.0,0.01218135980000928
easom,2,GA,30,-1.0,-1.0,-0.8413212291460657,0.3533918567598564,-8.110223868103331e-05,0.1586787708539343,0.7666666666666667,1050.0,10000.0,0.010546370300077493
easom,2,PSO,30,-1.0,-1.0,-1.0,0.0,-1.0,0.0,1.0,2475.0,10000.0,0.006533954066708247
easom,2,Random,30,-0.9378323262986025,-0.13683074799721745,-0.3222903783523139,0.3435145633780272,-6.811138825027042e-05,0.6777096216476861,0.0,nan,10000.0,0.00402918743329792
griewank_10d,10,CDA (budgeted),30,0.07266889577482549,0.6718506921706454,0.6206223223064744,0.2888072134451097,0.9874824598880106,0.6206223223064744,0.0,nan,30000.0,0.015862495499974708
griewank_10d,10,CDA (paper),30,1.1934207500839564,1.6068760240195696,1.7496756753561982,0.5621505395999065,3.77896774732602,1.7496756753561982,0.0,nan,9987.666666666666,0.006466899599945464
griewank_10d,10,DE,30,7.771561172376096e-16,0.08101751651435485,0.11090156255763367,0.1083122852249271,0.3885124132302965,0.11090156255763367,0.06666666666666667,22225.0,30000.0,0.04592400463334343
griewank_10d,10,GA,30,0.028637152516426845,0.08749815762721513,0.09222935312662607,0.03714164523279117,0.17269460668598913,0.09222935312662607,0.0,nan,30000.0,0.04403862756665452
griewank_10d,10,PSO,30,0.007396040334114895,0.06153625195664386,0.06317877172702682,0.02826242164813523,0.11809110502925535,0.06317877172702682,0.0,nan,30000.0,0.026930489066580778
griewank_10d,10,Random,30,17.035609766052993,37.850979804665315,36.684098597777144,8.358473819896794,54.1110532554919,36.684098597777144,0.0,nan,30000.0,0.019301394733338383
griewank_30d,30,CDA (budgeted),30,1.0627086672274657,1.172435427826915,1.4368164669141807,0.5004630105041193,2.9030960344981303,1.4368164669141807,0.0,nan,60000.0,0.0707771186000476
griewank_30d,30,CDA (paper),30,3.839715480155208,9.876751664072632,15.895663500889702,16.22904890133494,74.10671958657612,15.895663500889702,0.0,nan,28702.633333333335,0.034149793599984456
griewank_30d,30,DE,30,8.881784197001252e-16,1.176836406102666e-14,0.0013960186970292,0.0038094548954107337,0.014772407722836944,0.0013960186970292,0.8666666666666667,28500.0,60000.0,0.10600529326669252
griewank_30d,30,GA,30,0.0010265834500434723,0.033569397713060056,0.03769666873587322,0.02891366064664483,0.1079232995818914,0.03769666873587322,0.0,nan,60000.0,0.118683904833415
griewank_30d,30,PSO,30,0.0,0.008626662470967883,3.0257996828331657,16.516785605456768,90.47638875636301,3.0257996828331657,0.43333333333333335,19200.0,60000.0,0.07122676036678968
griewank_30d,30,Random,30,233.8243869668631,352.0928150284027,351.42669887864844,34.00668818583059,399.1993626030914,351.42669887864844,0.0,nan,60000.0,0.06075509233332923
himmelblau,2,CDA (budgeted),30,8.313503879493677e-05,0.0004591672847048371,0.0007756735911075217,0.0007388475369805607,0.002585545953058017,0.0007756735911075217,0.03333333333333333,9198.0,10000.0,0.0017088135000146091
himmelblau,2,CDA (paper),30,1.7328493461341982e-11,5.917517049888193e-08,7.879638578818212e-07,1.6123932504063578e-06,6.097230338432882e-06,7.879638578818212e-07,1.0,5232.0,6778.133333333333,0.0017550405666952428
himmelblau,2,DE,30,0.0,0.0,2.054062320377978e-27,1.1224509227683455e-26,6.148381895292566e-26,2.054062320377978e-27,1.0,2100.0,10000.0,0.012399599666635671
himmelblau,2,GA,30,0.0,8.529376476758948e-14,0.00046178707990737636,0.0017694077112290658,0.008786206406703882,0.00046178707990737636,0.9,600.0,10000.0,0.010817779400046372
himmelblau,2,PSO,30,3.316938042109535e-23,4.498257291262565e-20,1.6168538475651885e-19,3.333288903820704e-19,1.7685577638352107e-18,1.6168538475651885e-19,1.0,1825.0,10000.0,0.006157947066609873
himmelblau,2,Random,30,0.0002755657234402815,0.023286704590326644,0.025728942905105485,0.02036314825895313,0.08354744124546865,0.025728942905105485,0.0,nan,10000.0,0.00366163609984748
levy_10d,10,CDA (budgeted),30,1.0932895236424397e-05,0.0015936432922800925,0.139843030680185,0.3464571188801149,1.7242040982273683,0.139843030680185,0.03333333333333333,17889.0,30000.0,0.020945327566823834
levy_10d,10,CDA (paper),30,0.42326274948496745,3.8618348541806813,3.9620235868426943,2.136750943658317,7.959650193076126,3.9620235868426943,0.0,nan,7496.0,0.005233438766663312
levy_10d,10,DE,30,2.3255256711909916e-25,2.0273434082162793e-24,4.388535170730298e-24,5.817482143885706e-24,2.3459547561877313e-23,4.388535170730298e-24,1.0,7550.0,30000.0,0.04855225633336886
levy_10d,10,GA,30,2.6675399220268625e-10,2.6466116076335718e-05,9.663953393610339e-05,0.00016382045337532728,0.0007540662754644496,9.663953393610339e-05,0.7,13100.0,30000.0,0.048541370133383076
levy_10d,10,PSO,30,1.4997597826618576e-32,4.492145214991784e-30,1.5860032819039593e-28,7.653915835085762e-28,4.206941202408242e-27,1.5860032819039593e-28,1.0,5375.0,30000.0,0.030100719599916677
levy_10d,10,Random,30,3.757118382410212,9.063840203139314,8.809251716785475,2.0772748404101145,12.853116046652888,8.809251716785475,0.0,nan,30000.0,0.02245688803329055
michalewicz_10d,10,CDA (budgeted),30,-8.859592719310887,-7.773588041673909,-7.744725225856573,0.394519593108914,-6.92165149378196,1.9154264741434277,0.0,nan,30000.0,0.05232948646671502
michalewicz_10d,10,CDA (paper),30,-6.824355465735151,-5.154534055536313,-5.269377299216296,0.6604621616377546,-4.203335988125833,4.390774400783704,0.0,nan,603.6666666666666,0.001979032866650717
michalewicz_10d,10,DE,30,-9.066769225446508,-8.275968063589108,-8.278432085668745,0.49372610028192837,-7.221179638680106,1.381719614331254,0.0,nan,30000.0,0.05097223336667109
michalewicz_10d,10,GA,30,-9.66007116727254,-9.616871302621655,-9.580448499707135,0.11232449350754084,-9.18871769618202,0.07970320029286568,0.06666666666666667,25600.0,30000.0,0.046532617266772526
michalewicz_10d,10,PSO,30,-9.555654200158571,-8.482227259273941,-8.353171640489634,0.7379266778903355,-6.886671185214721,1.3069800595103662,0.0,nan,30000.0,0.030105880666754577
michalewicz_10d,10,Random,30,-5.46914651369967,-5.03596104905637,-5.022460820555202,0.25854349819725514,-4.540527480527248,4.637690879444798,0.0,nan,30000.0,0.02389615823343168
michalewicz_2d,2,CDA (budgeted),30,-1.8013000230319585,-1.8012560041008898,-1.801225540790849,9.245938899046418e-05,-1.8008548994467062,7.78693091511166e-05,0.7333333333333333,2973.0,10000.0,0.012531183299931097
michalewicz_2d,2,CDA (paper),30,-1.8013034099346317,-1.8012763419840092,-1.7985551218059386,0.008085921474806477,-1.7609436427872875,0.002748288294061596,0.7,397.0,483.8333333333333,0.001260798633241696
michalewicz_2d,2,DE,30,-1.8013034100985537,-1.8013034100985537,-1.801303410098554,4.516810283266961e-16,-1.8013034100985537,1.446398556481654e-12,1.0,1150.0,10000.0,0.013669455733452195
michalewicz_2d,2,GA,30,-1.8013034100985537,-1.8013034100985534,-1.8012984211484968,2.7213107147852136e-05,-1.8011543383463693,4.988951503552089e-06,0.9666666666666667,450.0,10000.0,0.011607239300034659
michalewicz_2d,2,PSO,30,-1.8013034100985537,-1.8013034100985537,-1.801303410098554,5.376079560542894e-16,-1.8013034100985534,1.4464725713499622e-12,1.0,1325.0,10000.0,0.007385806366740629
michalewicz_2d,2,Random,30,-1.800528130054298,-1.79509891087609,-1.792971042632362,0.006912290018819375,-1.7794626005579617,0.008332367467638465,0.0,nan,10000.0,0.004837494766616146
paper_f1,2,CDA (budgeted),30,-19.966397141138287,-19.963913634129376,-19.96331430322049,0.002646165956101452,-19.95232557034354,0.0033690261451438867,0.0,nan,10000.0,0.0022182364666453696
paper_f1,2,CDA (paper),30,-19.96668276893578,-19.966533861875057,-19.966069749685623,0.0016219201259802323,-19.957950440848393,0.0006135796800060452,0.36666666666666664,3668.0,3122.366666666667,0.0019599520666209475
paper_f1,2,DE,30,-19.96668332936563,-19.96668332936563,-19.966683329365633,3.613448226613569e-15,-19.96668332936563,0.0,1.0,1725.0,10000.0,0.012313944566752373
paper_f1,2,GA,30,-19.96668332936563,-19.96668332936563,-19.966598903438936,0.0002426924152439684,-19.96568694605921,8.442592669671475e-05,0.8666666666666667,875.0,10000.0,0.010556269133424697
paper_f1,2,PSO,30,-19.966683329365566,-19.96668332936063,-19.966683329354446,1.1963764691227444e-11,-19.966683329320837,1.1179324133081536e-11,1.0,2600.0,10000.0,0.0064672654333965815
paper_f1,2,Random,30,-19.96216776134968,-19.938939976585495,-19.92622031847629,0.03580468814564989,-19.792203633247524,0.040463010889339894,0.0,nan,10000.0,0.0038355988999380012
paper_f2,2,CDA (budgeted),30,-0.24691610466351271,-0.24095027955014459,-0.238824954579477,0.0064025841649267,-0.21946840665886463,0.00858023945913921,0.0,nan,10000.0,0.0023190611334030107
paper_f2,2,CDA (paper),30,-0.2474050431913869,-0.24451229774969543,-0.23883511210595704,0.015723823801677587,-0.16841003836963986,0.008570081932659181,0.06666666666666667,2521.0,1790.2666666666667,0.0014900683666382974
paper_f2,2,DE,30,-0.24740519403861622,-0.24740519403861622,-0.2474051940386162,2.823006427041851e-17,-0.24740519403861622,0.0,1.0,2300.0,10000.0,0.012500607433351737
paper_f2,2,GA,30,-0.24740519403861622,-0.24740519403861622,-0.240433443020222,0.03049751097007379,-0.08217999488893979,0.006971751018394206,0.8666666666666667,1125.0,10000.0,0.011180517099880187
paper_f2,2,PSO,30,-0.24740519403861327,-0.24740519403714545,-0.2474051940280243,2.5808704616220066e-11,-0.24740519392823224,1.059192548484115e-11,1.0,2875.0,10000.0,0.006862352899952384
paper_f2,2,Random,30,-0.24025687376887328,-0.20035953961886055,-0.20002446734781454,0.022066510219536747,-0.16122281096340252,0.04738072669080167,0.0,nan,10000.0,0.004261093699975997
rastrigin_10d,10,CDA (budgeted),30,6.6550266481691125,16.92085334549735,16.453795927482012,5.108893890911253,29.911162881983813,16.453795927482012,0.0,nan,30000.0,0.0374573996666489
rastrigin_10d,10,CDA (paper),30,24.03264101961682,41.51309199452092,43.27169144589127,11.043389244685649,71.84571144649371,43.27169144589127,0.0,nan,1022.4666666666667,0.0022702987332195333
rastrigin_10d,10,DE,30,5.370195953301305,20.33546644571866,20.07893249952237,4.4916776067591675,26.243902633115738,20.07893249952237,0.0,nan,30000.0,0.0434390835666818
rastrigin_10d,10,GA,30,0.00015959135070886532,0.003685547368696973,0.010276040484360276,0.014390547141430699,0.05151160306584757,0.010276040484360276,0.0,nan,30000.0,0.04075300400008928
rastrigin_10d,10,PSO,30,1.9899181141865796,4.477313238013572,4.410984145550144,1.7852613330098401,8.954626476020564,4.410984145550144,0.0,nan,30000.0,0.024040422333382595
rastrigin_10d,10,Random,30,46.69848137971097,63.354221947176526,62.97786742742289,7.303019353336273,79.19393600991164,62.97786742742289,0.0,nan,30000.0,0.016612038833318365
rastrigin_2d,2,CDA (budgeted),30,1.3786792941061776e-05,0.03471472951401111,0.04628910653378604,0.0547340949573586,0.27662423129652325,0.04628910653378604,0.03333333333333333,1699.0,10000.0,0.005290443533340294
rastrigin_2d,2,CDA (paper),30,2.153022649054037e-09,0.8983331685980573,0.6621358340183705,0.552168634806119,1.991203906332501,0.6621358340183705,0.1,755.0,736.3,0.0011550798000219706
rastrigin_2d,2,DE,30,0.0,0.0,0.0,0.0,0.0,0.0,1.0,2700.0,10000.0,0.012487387966727208
rastrigin_2d,2,GA,30,0.0,0.0,0.0005137139378462053,0.0023554393749854142,0.012743488013889248,0.0005137139378462053,0.9,1050.0,10000.0,0.010967263966692068
rastrigin_2d,2,PSO,30,0.0,0.0,0.0,0.0,0.0,0.0,1.0,2475.0,10000.0,0.006687484099984431
rastrigin_2d,2,Random,30,0.047303380312474275,0.6340431540380536,0.6092783918521983,0.36744923822173653,1.185423799003793,0.6092783918521983,0.0,nan,10000.0,0.004122915233347157
rastrigin_30d,30,CDA (budgeted),30,62.84180603246625,113.93707478005919,115.01810723699438,17.5038282233934,146.31963355391233,115.01810723699438,0.0,nan,60000.0,0.12398839659999794
rastrigin_30d,30,CDA (paper),30,192.72727958811947,247.8465435113255,244.25244543377028,25.20723280278012,295.67625506739193,244.25244543377028,0.0,nan,2215.9666666666667,0.00399581663338419
rastrigin_30d,30,DE,30,77.80770797807205,131.3135262108382,135.37999509664022,32.880808770373754,197.85495301948362,135.37999509664022,0.0,nan,60000.0,0.10919033003322814
rastrigin_30d,30,GA,30,0.0021590815139802544,0.010537697973433069,0.015782545502520406,0.013095926698193868,0.05677139983430379,0.015782545502520406,0.0,nan,60000.0,0.11173707440002545
rastrigin_30d,30,PSO,30,34.82351657463636,102.51571676798046,93.74369870893796,28.991236858547488,132.40005649095625,93.74369870893796,0.0,nan,60000.0,0.06570836153323398
rastrigin_30d,30,Random,30,306.94707271788786,329.81646183759744,329.5311044203554,12.029046878920726,351.2215433333333,329.5311044203554,0.0,nan,60000.0,0.05427819130009084
rosenbrock_10d,10,CDA (budgeted),30,1.2277131123911111,7.07424119822889,6.4259086278475825,1.8388340857197545,9.318562331815135,6.4259086278475825,0.0,nan,30000.0,0.01695822819986764
rosenbrock_10d,10,CDA (paper),30,7.668185551652962,10.936337632858066,11.434920008587627,3.801140703110193,29.702941092593903,11.434920008587627,0.0,nan,11731.8,0.005238211533378489
rosenbrock_10d,10,DE,30,2.4993815551682306,4.26422363697198,4.31754382241694,0.9437461026272164,6.067442753698598,4.31754382241694,0.0,nan,30000.0,0.04060122046669979
rosenbrock_10d,10,GA,30,1.9960737763056344,7.666588847884809,7.445498524546518,1.6129347433714591,9.585195457587218,7.445498524546518,0.0,nan,30000.0,0.041174697200191686
rosenbrock_10d,10,PSO,30,0.9910074569062671,1.66408124914838,1.9924063689711982,1.283410619802815,6.756207405145981,1.9924063689711982,0.0,nan,30000.0,0.023678309433429
rosenbrock_10d,10,Random,30,68.38441280742802,144.75658891254255,140.07143801033212,35.46225573959375,195.63988160952158,140.07143801033212,0.0,nan,30000.0,0.013821237900053044
rosenbrock_2d,2,CDA (budgeted),30,5.06719491366385e-06,0.0005962149978493851,0.0009271945549341712,0.0010661420760204757,0.00471043074326249,0.0009271945549341712,0.1,7943.0,10000.0,0.001823034400058532
rosenbrock_2d,2,CDA (paper),30,8.599991474015231e-08,1.728140417554467e-05,0.00013506384122269536,0.00024339509113873586,0.0009197300022709291,0.00013506384122269536,0.6666666666666666,5265.0,6800.533333333334,0.002234517733389415
rosenbrock_2d,2,DE,30,0.0,0.0,0.0,0.0,0.0,0.0,1.0,1450.0,10000.0,0.01264049410010557
rosenbrock_2d,2,GA,30,2.0472419695118523e-05,0.005313806447750178,0.06314873146001727,0.10524786564900082,0.3686354636233338,0.06314873146001727,0.13333333333333333,1000.0,10000.0,0.011198499800017695
rosenbrock_2d,2,PSO,30,7.75810656836645e-14,3.6050488742715796e-11,6.739020920270137e-10,2.0344142259796084e-09,1.0033304304177053e-08,6.739020920270137e-10,1.0,1975.0,10000.0,0.0066328602001097655
rosenbrock_2d,2,Random,30,2.4634442092434777e-06,0.004855817888653576,0.006551075843663406,0.006693030946473389,0.030155480574436185,0.006551075843663406,0.03333333333333333,8800.0,10000.0,0.003973244733303242
rosenbrock_30d,30,CDA (budgeted),30,25.45755690605501,37.900462752124184,42.99742848710391,15.81046934539057,87.65751136665561,42.99742848710391,0.0,nan,60000.0,0.042393619233340965
rosenbrock_30d,30,CDA (paper),30,43.24715662548509,162.9252824505621,205.74696828072845,156.89656630809253,933.6544876347954,205.74696828072845,0.0,nan,24010.833333333332,0.01852569216662232
rosenbrock_30d,30,DE,30,22.33877919688334,25.5893733591832,25.48255969200783,1.3803504613763853,28.802997000348995,25.48255969200783,0.0,nan,60000.0,0.0912137187332822
rosenbrock_30d,30,GA,30,17.13413233315496,27.49928957099773,39.94692107720348,23.722232043900227,84.01317734458141,39.94692107720348,0.0,nan,60000.0,0.10791694426664739
rosenbrock_30d,30,PSO,30,8.907795817376915,21.282833493643412,23.46198855303798,15.76930582995598,85.44080170872768,23.46198855303798,0.0,nan,60000.0,0.05975619860015892
rosenbrock_30d,30,Random,30,1704.5362245245087,2915.7436632094596,2869.070226446815,326.62599409356346,3409.5312575024896,2869.070226446815,0.0,nan,60000.0,0.033391938233216935
schwefel_10d,10,CDA (budgeted),30,533.6479950501621,1011.152876773479,983.6765016365771,197.38027108235818,1401.6167575511295,983.6765016365771,0.0,nan,30000.0,0.031231760666832996
schwefel_10d,10,CDA (paper),30,1087.5185004221476,1598.270364259711,1621.2523933677915,273.7103188216148,2138.843246115717,1621.2523933677915,0.0,nan,1557.8333333333333,0.002588179533358925
schwefel_10d,10,DE,30,0.2209633531556392,264.12631266244284,312.1562388332751,236.26246870002436,1011.8490707652245,312.1562388332751,0.0,nan,30000.0,0.042869056066683696
schwefel_10d,10,GA,30,118.45385387614624,473.7559746962461,450.10584637376536,168.6453204410194,829.108672617459,450.10584637376536,0.0,nan,30000.0,0.0409395654999571
schwefel_10d,10,PSO,30,236.8766692288682,713.6641267109526,750.6136164441401,263.7413738172573,1308.8899188074743,750.6136164441401,0.0,nan,30000.0,0.02375025439999566
schwefel_10d,10,Random,30,1303.380310133909,1723.1336334665257,1693.1244037255333,171.56423441477378,2015.5972321231802,1693.1244037255333,0.0,nan,30000.0,0.016517572000096455
six_hump_camel,2,CDA (budgeted),30,-1.0316265849609294,-1.0316042848199602,-1.03157901330343,5.097354878158874e-05,-1.0314133574306792,4.944018644717681e-05,0.7333333333333333,6654.5,10000.0,0.001658896433400514
six_hump_camel,2,CDA (paper),30,-1.0316284534549638,-1.0316284504709896,-1.0316284073527426,1.2654106989929145e-07,-1.0316278922797926,4.6137134290802353e-08,1.0,3694.0,7283.466666666666,0.0019306111333814138
six_hump_camel,2,DE,30,-1.0316284534898774,-1.0316284534898774,-1.0316284534898772,2.2584051416334807e-16,-1.0316284534898774,4.440892098500626e-16,1.0,1250.0,10000.0,0.012669686933380338
six_hump_camel,2,GA,30,-1.0316284534898774,-1.0316284534898774,-1.0316229098645604,2.2455185846826573e-05,-1.0315111253423515,5.54362531706154e-06,0.9666666666666667,500.0,10000.0,0.01100547479997355
six_hump_camel,2,PSO,30,-1.0316284534898774,-1.0316284534898774,-1.0316284534898772,2.2584051416334807e-16,-1.0316284534898774,4.440892098500626e-16,1.0,1250.0,10000.0,0.006801828666599855
six_hump_camel,2,Random,30,-1.031478401952661,-1.0298571006544779,-1.029593231341026,0.001382387902749357,-1.025872268393648,0.0020352221488508277,0.0,nan,10000.0,0.004112598933321957
sphere_10d,10,CDA (budgeted),30,8.39699246863355e-08,2.6921820301458502e-05,0.0009152690495150429,0.0017988147539833757,0.006048358816237257,0.0009152690495150429,0.6333333333333333,23988.0,30000.0,0.01208489390004009
sphere_10d,10,CDA (paper),30,0.07155521549769668,0.17178264337899618,0.19306790851680752,0.09532677505204218,0.5213675950960615,0.19306790851680752,0.0,nan,9834.966666666667,0.004429794166693076
sphere_10d,10,DE,30,9.329069065143686e-27,2.937378800853803e-25,4.606937957206212e-25,4.86787797091772e-25,2.1854397414407554e-24,4.606937957206212e-25,1.0,6350.0,30000.0,0.03811560530008743
sphere_10d,10,GA,30,2.0280709441766032e-07,1.1504339770199772e-05,3.708794803397746e-05,6.074376859764077e-05,0.00029140353137187876,3.708794803397746e-05,0.9,6950.0,30000.0,0.039333767499920215
sphere_10d,10,PSO,30,0.0,0.0,8.9404235925048e-31,1.9733306686649855e-30,1.0255191767873153e-29,8.9404235925048e-31,1.0,4575.0,30000.0,0.021300540633395332
sphere_10d,10,Random,30,4.669619996698238,10.7338740437816,10.393425790745116,2.435127224820686,15.470169669013385,10.393425790745116,0.0,nan,30000.0,0.01123659846668185
sphere_2d,2,CDA (budgeted),30,1.7395321787011881e-06,3.049404345773916e-05,4.561874129338827e-05,4.433729624484777e-05,0.00018432845032293038,4.561874129338827e-05,0.9,7248.0,10000.0,0.0017974706332097412
sphere_2d,2,CDA (paper),30,6.279567976619175e-12,2.6929703520194392e-09,3.1209984841243895e-08,8.829259938103157e-08,4.3935842646905317e-07,3.1209984841243895e-08,1.0,3604.5,6878.433333333333,0.0018495030332511913
sphere_2d,2,DE,30,0.0,0.0,0.0,0.0,0.0,0.0,1.0,900.0,10000.0,0.012275994899997993
sphere_2d,2,GA,30,0.0,0.0,4.184250692351271e-07,2.0170275544291464e-06,1.0990726384210327e-05,4.184250692351271e-07,1.0,450.0,10000.0,0.01076693209994725
sphere_2d,2,PSO,30,1.5257989856603766e-24,1.2409317703291292e-21,7.11069933329983e-21,1.833969882960072e-20,9.598287303306912e-20,7.11069933329983e-21,1.0,1300.0,10000.0,0.006319255433360619
sphere_2d,2,Random,30,0.0002385409336157645,0.0032228480299441916,0.003743357551161708,0.003919912615285149,0.021630957023809537,0.003743357551161708,0.0,nan,10000.0,0.003510206433353839
sphere_30d,30,CDA (budgeted),30,0.021601457923685542,0.11650208020775497,0.1722920953966804,0.16159817142638438,0.5149247323960243,0.1722920953966804,0.0,nan,60000.0,0.03930248990009204
sphere_30d,30,CDA (paper),30,1.3417871420003438,2.9062219122258774,4.584670882012287,3.900683190333101,15.211206819929938,4.584670882012287,0.0,nan,28777.933333333334,0.020077298233445617
sphere_30d,30,DE,30,7.477797097854367e-19,7.065981487202653e-18,9.97827209926326e-18,9.77731792182518e-18,4.594030850021218e-17,9.97827209926326e-18,1.0,19050.0,60000.0,0.084849459700096
sphere_30d,30,GA,30,2.156589142504661e-06,1.54968802967117e-05,2.287297091476768e-05,2.041398577291011e-05,8.925014051618666e-05,2.287297091476768e-05,1.0,33950.0,60000.0,0.10053046386665301
sphere_30d,30,PSO,30,1.2384327351064664e-26,1.3847538112504806e-24,0.8738133333333333,4.786072737154477,26.2144,0.8738133333333333,0.9666666666666667,13450.0,60000.0,0.05275090640006965
sphere_30d,30,Random,30,67.8150179020845,102.26319428103363,102.0691739490053,9.905165865357745,115.98397078913852,102.0691739490053,0.0,nan,60000.0,0.026119119633343266
step_10d,10,CDA (budgeted),30,0.0,0.0,0.7666666666666667,1.2780193008453877,6.0,0.7666666666666667,0.5666666666666667,25541.0,30000.0,0.009195295833402875
step_10d,10,CDA (paper),30,14.0,39.5,129.66666666666666,419.0027843980674,2311.0,129.66666666666666,0.0,nan,11661.633333333333,0.004787233333415012
step_10d,10,DE,30,0.0,0.0,0.0,0.0,0.0,0.0,1.0,5000.0,30000.0,0.040021660733297416
step_10d,10,GA,30,0.0,0.0,0.0,0.0,0.0,0.0,1.0,3825.0,30000.0,0.038213945200065304
step_10d,10,PSO,30,0.0,0.0,0.0,0.0,0.0,0.0,1.0,3775.0,30000.0,0.02070166229990112
step_10d,10,Random,30,1780.0,4092.5,3962.733333333333,934.1460394330782,5974.0,3962.733333333333,0.0,nan,30000.0,0.011721215866631003
step_30d,30,CDA (budgeted),30,45.0,110.0,127.53333333333333,66.77328256397027,338.0,127.53333333333333,0.0,nan,60000.0,0.038140862100135564
step_30d,30,CDA (paper),30,520.0,1296.0,3833.4666666666667,6375.59492684913,25828.0,3833.4666666666667,0.0,nan,25638.5,0.018424429199846295
step_30d,30,DE,30,0.0,0.0,0.0,0.0,0.0,0.0,1.0,15225.0,60000.0,0.08452019186670441
step_30d,30,GA,30,0.0,0.0,0.0,0.0,0.0,0.0,1.0,15350.0,60000.0,0.10012089490013144
step_30d,30,PSO,30,0.0,1.0,335.8,1825.2843028435043,10000.0,335.8,0.4666666666666667,16300.0,60000.0,0.05181600170002033
step_30d,30,Random,30,25750.0,39151.5,38932.3,3803.938096871134,44292.0,38932.3,0.0,nan,60000.0,0.027353939699999805
zakharov_10d,10,CDA (budgeted),30,0.0032734923295799218,0.021899365227017263,0.6236780635589214,1.2005484070437495,4.636028414064685,0.6236780635589214,0.0,nan,30000.0,0.014973992933240273
zakharov_10d,10,CDA (paper),30,4.150500242229662,26.691654691371074,29.249057480071876,13.21012986482573,58.24904440762801,29.249057480071876,0.0,nan,9102.833333333334,0.004695953200098302
zakharov_10d,10,DE,30,9.699218228247281e-18,1.0280485451614105e-16,2.3107579032954765e-16,4.781149767178635e-16,2.6381335978215356e-15,2.3107579032954765e-16,1.0,10625.0,30000.0,0.041982527566627445
zakharov_10d,10,GA,30,0.22989762130616087,2.0574671045560042,2.6653682649800476,2.15322935648988,7.580518888858955,2.6653682649800476,0.0,nan,30000.0,0.04240430276662058
zakharov_10d,10,PSO,30,8.338741492174069e-19,5.67274404850613e-17,0.9975363820309368,5.463731783704352,29.926091460928102,0.9975363820309368,0.9666666666666667,10700.0,30000.0,0.02471441453344596
zakharov_10d,10,Random,30,15.905572186956384,38.827308085241185,37.14515690493602,10.12747774764047,58.75416160451071,37.14515690493602,0.0,nan,30000.0,0.015056932699887208
